"Target","Common name","Uniprot ID","ChEMBL ID","Target Class","Probability*","Known actives (3D/2D)"
"Sodium-dependent dopamine transporter","SLC6A3","Q01959","CHEMBL238","Electrochemical transporter","1.0","46 /  579   "
"Sodium-dependent serotonin transporter","SLC6A4","P31645","CHEMBL228","Electrochemical transporter","1.0","97 /  681   "
"5-hydroxytryptamine receptor 2C","HTR2C","P28335","CHEMBL225","Family A G protein-coupled receptor","1.0","80 /  93   "
"Sodium-dependent noradrenaline transporter","SLC6A2","P23975","CHEMBL222","Electrochemical transporter","1.0","56 /  457   "
"Substance-K receptor","TACR2","P21452","CHEMBL2327","Family A G protein-coupled receptor","1.0","10 /  7   "
"Beta-3 adrenergic receptor","ADRB3","P13945","CHEMBL246","Family A G protein-coupled receptor","1.0","174 /  11   "
"HSP60/HSP10","N/A","P10809&P61604","CHEMBL4106131","Unclassified protein","1.0","12 /  4   "
"Adenosine receptor A3","ADORA3","P0DMS8","CHEMBL256","Family A G protein-coupled receptor","1.0","126 /  6   "
"Alpha-2A adrenergic receptor","ADRA2A","P08913","CHEMBL1867","Family A G protein-coupled receptor","1.0","39 /  32   "
"Sex hormone-binding globulin","SHBG","P04278","CHEMBL3305","Secreted protein","1.0","21 /  21   "
"Estrogen receptor","ESR1","P03372","CHEMBL206","Nuclear receptor","1.0","2042 /  393   "
"Prostaglandin G/H synthase 2","PTGS2","P35354","CHEMBL230","Oxidoreductase","0.9838835668357798","245 /  65   "
"Muscarinic acetylcholine receptor M3","CHRM3","P20309","CHEMBL245","Family A G protein-coupled receptor","0.9838835668357798","30 /  67   "
"Alpha-2C adrenergic receptor","ADRA2C","P18825","CHEMBL1916","Family A G protein-coupled receptor","0.9838835668357798","22 /  19   "
"Alpha-2B adrenergic receptor","ADRA2B","P18089","CHEMBL1942","Family A G protein-coupled receptor","0.9838835668357798","19 /  21   "
"Muscarinic acetylcholine receptor M1","CHRM1","P11229","CHEMBL216","Family A G protein-coupled receptor","0.9838835668357798","16 /  67   "
"Muscarinic acetylcholine receptor M2","CHRM2","P08172","CHEMBL211","Family A G protein-coupled receptor","0.9838835668357798","11 /  59   "
"Estrogen receptor beta","ESR2","Q92731","CHEMBL242","Nuclear receptor","0.9778927997250311","1188 /  288   "
"Acetylcholinesterase","ACHE","P22303","CHEMBL220","Hydrolase","0.9641317154257601","373 /  114   "
"Polyunsaturated fatty acid 5-lipoxygenase","ALOX5","P09917","CHEMBL215","Oxidoreductase","0.899554993452751","467 /  152   "
"17-beta-hydroxysteroid dehydrogenase type 1","HSD17B1","P14061","CHEMBL3181","Oxidoreductase","0.8884652339510473","400 /  68   "
"Aromatase","CYP19A1","P11511","CHEMBL1978","Cytochrome P450","0.8842849844847793","282 /  177   "
"17-beta-hydroxysteroid dehydrogenase type 2","HSD17B2","P37059","CHEMBL2789","Oxidoreductase","0.8549804843311848","352 /  22   "
"Polyunsaturated fatty acid lipoxygenase ALOX15","ALOX15","P16050","CHEMBL2903","Oxidoreductase","0.8409409704112398","61 /  31   "
"Polyunsaturated fatty acid lipoxygenase ALOX12","ALOX12","P18054","CHEMBL3687","Enzyme","0.8258191735323022","83 /  15   "
"Transthyretin","TTR","P02766","CHEMBL3194","Secreted protein","0.8135526066957536","38 /  6   "
"Transient receptor potential cation channel subfamily A member 1","TRPA1","O75762","CHEMBL6007","Voltage-gated ion channel","0.7998011992359411","12 /  31   "
"Leukotriene B4 receptor 1","LTB4R","Q15722","CHEMBL3911","Family A G protein-coupled receptor","0.7870477099952089","66 /  8   "
"Insulin-like growth factor 1 receptor","IGF1R","P08069","CHEMBL1957","Kinase","0.7597952891862693","49 /  14   "
"Tyrosinase","TYR","P14679","CHEMBL1973","Oxidoreductase","0.7438975943545674","49 /  26   "
"17-beta-hydroxysteroid dehydrogenase type 3","HSD17B3","P37058","CHEMBL4234","Oxidoreductase","0.7148041931689606","80 /  13   "
"Alpha-synuclein","SNCA","P37840","CHEMBL6152","Unclassified protein","0.6280162673893732","19 /  5   "
"Transcription factor AP1","N/A","P05412&P01100","CHEMBL2111421","Transcription factor","0.6182685972237766","2 /  3   "
"Tyrosine-protein kinase Fyn","FYN","P06241","CHEMBL1841","Kinase","0.5331968682338809","180 /  9   "
"Receptor-interacting serine/threonine-protein kinase 1","RIPK1","Q13546","CHEMBL5464","Kinase","0.4920519832619903","27 /  2   "
"Androgen receptor","AR","P10275","CHEMBL1871","Nuclear receptor","0.457096421447634","229 /  58   "
"Histone deacetylase 8","HDAC8","Q9BY41","CHEMBL3192","Eraser","0.44978493309060436","111 /  45   "
"Glucocorticoid receptor","NR3C1","P04150","CHEMBL2034","Nuclear receptor","0.4118675822015895","204 /  89   "
"Steryl-sulfatase","STS","P08842","CHEMBL3559","Hydrolase","0.4106364719167512","106 /  126   "
"Cannabinoid receptor 1","CNR1","P21554","CHEMBL218","Family A G protein-coupled receptor","0.40912580237648616","422 /  175   "
"Histone deacetylase 2","HDAC2","Q92769","CHEMBL1937","Eraser","0.38552383269242774","96 /  14   "
"Steroid hormone receptor ERR1","ESRRA","P11474","CHEMBL3429","Nuclear receptor","0.38209235721229845","44 /  14   "
"5-hydroxytryptamine receptor 2B","HTR2B","P41595","CHEMBL1833","Family A G protein-coupled receptor","0.37993986908542554","90 /  60   "
"Cytochrome P450 1B1","CYP1B1","Q16678","CHEMBL4878","Cytochrome P450","0.37598608913796727","59 /  13   "
"Vascular endothelial growth factor receptor 2","KDR","P35968","CHEMBL279","Kinase","0.37324052684604303","855 /  6   "
"ALK tyrosine kinase receptor","ALK","Q9UM73","CHEMBL4247","Kinase","0.36960631025786383","84 /  6   "
"Phosphatidylcholine:ceramide cholinephosphotransferase 2","SGMS2","Q8NHU3","CHEMBL3112379","Transferase","0.3484266363501765","3 /  5   "
"Phosphatidylcholine:ceramide cholinephosphotransferase 1","SGMS1","Q86VZ5","CHEMBL3611965","Transferase","0.3484266363501765","3 /  5   "
"Cyclin-dependent kinase 1","CDK1","P06493","CHEMBL308","Kinase","0.338402251897698","169 /  2   "
"Proto-oncogene tyrosine-protein kinase Src","SRC","P12931","CHEMBL267","Kinase","0.3329754498289196","377 /  7   "
"Aldehyde oxidase","AOX1","Q06278","CHEMBL3257","Oxidoreductase","0.30180822635621385","3 /  2   "
"G-protein coupled estrogen receptor 1","GPER1","Q99527","CHEMBL5872","Family A G protein-coupled receptor","0.29528870931978296","3 /  1   "
"Steroid hormone receptor ERR2","ESRRB","O95718","CHEMBL3751","Nuclear receptor","0.29528870931978296","78 /  41   "
"Cannabinoid receptor 2","CNR2","P34972","CHEMBL253","Family A G protein-coupled receptor","0.27413383632377075","604 /  262   "
"5-hydroxytryptamine receptor 1A","HTR1A","P08908","CHEMBL214","Family A G protein-coupled receptor","0.26053040285236284","259 /  194   "
"DNA polymerase alpha catalytic subunit","POLA1","P09884","CHEMBL1828","Transferase","0.2569619448755864","7 /  16   "
"Focal adhesion kinase 1","PTK2","Q05397","CHEMBL2695","Kinase","0.25398135754696577","46 /  3   "
"Arachidonate 5-lipoxygenase-activating protein","ALOX5AP","P20292","CHEMBL4550","Other cytosolic protein","0.2506588809104221","25 /  4   "
"11-beta-hydroxysteroid dehydrogenase 1","HSD11B1","P28845","CHEMBL4235","Oxidoreductase","0.24015360192269886","240 /  128   "
"Toll-like receptor 4","TLR4","O00206","CHEMBL5255","Toll-like and Il-1 receptors","0.23953743404646757","3 /  4   "
"Amine oxidase [flavin-containing] A","MAOA","P21397","CHEMBL1951","Oxidoreductase","0.23624962940391345","244 /  90   "
"Vitamin D3 receptor","VDR","P11473","CHEMBL1977","Nuclear receptor","0.23205791094739162","12 /  46   "
"Transient receptor potential cation channel subfamily V member 1","TRPV1","Q8NER1","CHEMBL4794","Voltage-gated ion channel","0.2263920891832876","136 /  20   "
"Islet amyloid polypeptide","IAPP","P10997","CHEMBL1914266","Secreted protein","0.21383494645037035","4 /  8   "
"Histone deacetylase 4","HDAC4","P56524","CHEMBL3524","Eraser","0.2121628637241851","20 /  25   "
"GABA-A receptor; alpha-1/beta-2/gamma-2","N/A","P14867&P47870&P18507","CHEMBL2095172","Ligand-gated ion channel","0.21077109181034673","15 /  4   "
"Kappa-type opioid receptor","OPRK1","P41145","CHEMBL237","Family A G protein-coupled receptor","0.2083481491954588","1511 /  341   "
"Estrogen-related receptor gamma","ESRRG","P62508","CHEMBL4245","Nuclear receptor","0.20709170213831718","165 /  57   "
"Monoglyceride lipase","MGLL","Q99685","CHEMBL4191","Hydrolase","0.20662134017776082","138 /  45   "
"Carbonic anhydrase 2","CA2","P00918","CHEMBL205","Lyase","0.19824483073504812","442 /  93   "
"Amine oxidase [flavin-containing] B","MAOB","P27338","CHEMBL2039","Oxidoreductase","0.19498604645441073","523 /  190   "
"Thyroid hormone receptor beta","THRB","P10828","CHEMBL1947","Nuclear receptor","0.17578255283541305","220 /  62   "
"N-arachidonyl glycine receptor","GPR18","Q14330","CHEMBL2384898","Family A G protein-coupled receptor","0.17277779031652404","3 /  1   "
"Tyrosine-protein phosphatase non-receptor type 1","PTPN1","P18031","CHEMBL335","Phosphatase","0.17239391908820345","409 /  43   "
"Nuclear receptor ROR-gamma","RORC","P51449","CHEMBL1741186","Nuclear receptor","0.17191089609035565","97 /  7   "
"Histone deacetylase 6","HDAC6","Q9UBN7","CHEMBL1865","Eraser","0.1620938276419102","246 /  30   "
"Delta-type opioid receptor","OPRD1","P41143","CHEMBL236","Family A G protein-coupled receptor","0.1562706741848086","1681 /  359   "
"Mu-type opioid receptor","OPRM1","P35372","CHEMBL233","Family A G protein-coupled receptor","0.1562706741848086","1602 /  500   "
"Cytochrome P450 1A2","CYP1A2","P05177","CHEMBL3356","Cytochrome P450","0.15616543213367523","8 /  4   "
"Prostaglandin G/H synthase 1","PTGS1","P23219","CHEMBL221","Oxidoreductase","0.15323331519878156","99 /  56   "
"5-hydroxytryptamine receptor 6","HTR6","P50406","CHEMBL3371","Family A G protein-coupled receptor","0.15236934023217769","91 /  12   "
"Peroxisome proliferator-activated receptor alpha","PPARA","Q07869","CHEMBL239","Nuclear receptor","0.15072473814158507","76 /  100   "
"Bile acid receptor","NR1H4","Q96RI1","CHEMBL2047","Nuclear receptor","0.14627598460324606","117 /  18   "
"Macrophage migration inhibitory factor","MIF","P14174","CHEMBL2085","Enzyme","0.1434930480957797","119 /  18   "
"Lysine--tRNA ligase","KARS1","Q15046","CHEMBL5575","Enzyme","0.1422091755265513","3 /  8   "
"Prostaglandin E synthase","PTGES","O14684","CHEMBL5658","Isomerase","0.14116795607666163","94 /  36   "
"Nuclear receptor subfamily 1 group I member 3","NR1I3","Q14994","CHEMBL5503","Nuclear receptor","0.1406816071837646","1 /  1   "
"Solute carrier family 22 member 2","SLC22A2","O15244","CHEMBL1743122","Electrochemical transporter","0.1406816071837646","28 /  1   "
"Progesterone receptor","PGR","P06401","CHEMBL208","Nuclear receptor","0.14032086174914948","96 /  44   "
"Voltage-gated inwardly rectifying potassium channel KCNH2","KCNH2","Q12809","CHEMBL240","Voltage-gated ion channel","0.1401873688976351","159 /  129   "
"UDP-glucuronosyltransferase 2B7","UGT2B7","P16662","CHEMBL4370","Transferase","0.13937984358343225","2 /  2   "
"Sphingosine 1-phosphate receptor 1","S1PR1","P21453","CHEMBL4333","Family A G protein-coupled receptor","0.13631034352991858","361 /  73   "
"5-hydroxytryptamine receptor 2A","HTR2A","P28223","CHEMBL224","Family A G protein-coupled receptor","0.1328899668382435","190 /  122   "
"Kinesin-like protein KIF11","KIF11","P52732","CHEMBL4581","Other cytosolic protein","0.13284900954976958","117 /  38   "
"Cytochrome P450 11B2, mitochondrial","CYP11B2","P19099","CHEMBL2722","Cytochrome P450","0.13056306741575738","54 /  3   "
"Carbonic anhydrase 1","CA1","P00915","CHEMBL261","Lyase","0.13013148763130267","387 /  74   "
"Lysine-specific histone demethylase 1A","KDM1A","O60341","CHEMBL6136","Eraser","0.11951593500744206","147 /  207   "
"Sigma non-opioid intracellular receptor 1","SIGMAR1","Q99720","CHEMBL287","Membrane receptor","0.11130589654012042","211 /  447   "
"G-protein coupled receptor 55","GPR55","Q9Y2T6","CHEMBL1075322","Family A G protein-coupled receptor","0.11108009750802866","11 /  3   "
"Cystathionine beta-synthase","CBS","P35520","CHEMBL3399911","Enzyme","0.105774869507537","2 /  2   "
